Year_Birth,Income,Kidhome,Teenhome,Recency,MntWines,MntFruits,MntMeatProducts,MntFishProducts,MntSweetProducts,MntGoldProds,NumDealsPurchases,NumWebPurchases,NumCatalogPurchases,NumStorePurchases,NumWebVisitsMonth,AcceptedCmp3,AcceptedCmp4,AcceptedCmp5,AcceptedCmp1,AcceptedCmp2,Complain,Response,Education_2n Cycle,Education_Basic,Education_Graduation,Education_Master,Education_PhD,Marital_Status_Divorced,Marital_Status_Married,Marital_Status_Single,Marital_Status_Together,y_true,y_pred
1959,62450.0,0,1,61,515,47,267,62,66,38,2,5,5,4,3,0,1,0,0,0,0,0,False,False,True,False,False,False,False,True,False,False,False
1964,63972.0,0,1,93,928,63,254,0,12,12,4,5,4,10,4,0,1,0,0,0,0,0,False,False,False,True,False,False,False,True,False,False,False
1978,57867.0,1,0,48,344,35,178,15,23,17,7,7,2,9,6,0,0,0,0,0,0,0,False,False,True,False,False,False,False,False,True,False,False
1972,42618.0,1,0,92,76,14,74,13,5,10,2,5,0,4,8,0,0,0,0,0,0,0,False,False,False,True,False,True,False,False,False,False,False
1947,81574.0,0,0,89,1252,0,465,46,35,0,1,4,5,8,1,0,1,1,0,0,0,0,False,False,False,False,True,False,False,False,True,False,False
1973,31163.0,1,0,54,2,3,10,11,2,10,1,1,0,3,6,0,0,0,0,0,0,0,True,False,False,False,False,True,False,False,False,False,False
1954,93404.0,1,2,97,1279,15,287,20,0,15,3,3,4,7,5,0,1,1,0,0,0,0,False,False,True,False,False,False,True,False,False,False,False
1941,93027.0,0,0,77,1285,42,716,55,0,21,0,7,10,5,2,0,0,1,0,0,0,0,False,False,False,False,True,False,True,False,False,False,False
1979,31605.0,1,0,15,74,0,42,2,1,6,2,2,1,4,7,0,0,0,0,0,0,0,False,False,False,False,True,False,True,False,False,False,False
1951,67046.0,0,1,92,544,35,133,23,151,107,2,4,5,4,2,0,0,0,0,0,0,0,False,False,True,False,False,False,False,False,False,True,False
1983,39922.0,1,0,30,29,12,59,19,1,36,2,3,0,4,8,0,0,0,0,0,0,0,False,False,True,False,False,False,True,False,False,False,False
1965,72190.0,0,0,79,597,166,597,172,166,249,1,5,6,4,3,0,0,0,0,0,0,0,False,False,True,False,False,False,True,False,False,False,False
1956,55249.0,0,1,81,97,1,19,2,0,11,1,2,1,4,3,0,0,0,0,0,0,0,False,False,False,True,False,False,False,False,True,False,False
1965,76800.0,0,0,33,173,26,255,35,71,81,1,4,4,7,1,0,0,0,0,0,0,0,True,False,False,False,False,False,True,False,False,False,False
1973,73926.0,0,0,54,627,91,597,159,91,15,1,6,5,12,3,0,0,0,0,0,0,0,False,False,True,False,False,False,False,False,True,False,False
1960,30507.0,0,0,29,65,36,74,38,20,110,1,5,1,4,7,0,0,0,0,0,0,0,False,False,True,False,False,False,False,False,True,False,False
1975,65106.0,0,1,55,790,19,133,12,0,19,3,8,3,13,6,0,1,0,0,0,0,0,False,False,True,False,False,False,True,False,False,False,False
1946,18100.0,0,0,14,3,1,2,4,3,1,1,0,0,3,5,0,0,0,0,0,0,0,False,False,True,False,False,False,True,False,False,False,False
1951,78497.0,0,0,44,207,26,447,75,0,223,1,5,7,12,2,0,0,0,1,0,0,0,True,False,False,False,False,False,True,False,False,False,False
1991,51373.0,0,0,37,83,2,101,64,26,117,1,3,5,3,4,0,0,0,0,0,0,0,False,False,True,False,False,False,True,False,False,False,False
1975,58330.0,0,1,87,445,53,213,104,98,151,1,6,4,13,4,0,0,0,0,0,0,0,False,False,True,False,False,False,False,False,False,True,False
1976,31615.0,1,0,82,2,3,20,6,11,9,2,2,0,3,7,0,0,0,0,0,0,0,False,False,True,False,False,True,False,False,False,False,False
1949,49912.0,0,1,5,520,8,223,32,49,42,4,10,5,7,8,1,0,0,0,0,0,1,False,False,False,True,False,False,False,False,True,False,False
1972,77981.0,1,0,78,138,120,204,16,126,60,3,7,4,7,5,0,0,0,0,0,0,0,False,False,True,False,False,False,True,False,False,False,False
1966,79946.0,0,0,19,395,183,565,166,141,28,1,5,11,5,3,0,0,0,0,0,0,0,False,False,True,False,False,False,False,False,False,True,False
1964,85620.0,0,0,68,416,46,925,60,107,46,1,3,6,4,1,0,0,0,0,0,0,1,False,False,True,False,False,False,False,False,False,True,False
1979,16014.0,1,1,42,3,9,4,7,8,7,4,1,1,4,3,0,0,0,0,0,0,0,False,True,False,False,False,False,False,True,False,False,False
1975,37284.0,1,1,46,11,1,2,2,1,6,1,0,0,3,6,0,0,0,0,0,0,0,True,False,False,False,False,False,True,False,False,False,False
1976,53204.0,1,1,40,29,0,8,2,0,6,1,1,0,3,4,0,0,0,0,0,0,0,False,False,False,True,False,False,True,False,False,False,False
1963,38620.0,0,0,56,112,17,44,34,22,89,1,2,5,3,3,0,0,0,0,0,0,0,False,False,False,True,False,False,False,False,True,False,False
1981,42395.0,1,1,35,48,13,57,24,15,25,4,3,1,4,7,0,0,0,0,0,0,0,True,False,False,False,False,False,False,True,False,False,False
1965,29672.0,1,1,6,9,1,3,0,4,8,1,0,0,3,6,0,0,0,0,0,0,0,False,False,True,False,False,False,False,False,True,False,False
1965,45143.0,0,1,74,202,5,74,11,5,14,3,6,1,5,7,0,0,0,0,0,0,0,False,False,False,True,False,False,False,False,True,False,False
1969,58917.0,1,2,10,151,7,89,0,7,28,5,4,1,6,5,0,0,0,0,0,0,0,False,False,True,False,False,False,False,False,True,False,False
1972,49854.0,1,0,63,123,17,171,39,0,30,5,6,2,5,6,0,0,0,0,0,0,0,False,False,False,True,False,False,False,False,True,False,False
1968,27071.0,1,0,90,8,3,19,0,2,3,2,2,0,3,6,0,0,0,0,0,0,0,False,False,False,True,False,True,False,False,False,False,False
1981,51111.0,1,1,83,22,0,19,6,5,3,2,2,0,3,6,0,0,0,0,0,0,0,True,False,False,False,False,False,True,False,False,False,False
1953,55707.0,0,1,91,208,7,82,30,66,35,2,3,2,9,3,0,0,0,0,0,0,0,False,False,False,False,True,False,True,False,False,False,False
1971,37150.0,1,0,80,167,37,64,49,34,116,8,4,3,6,7,0,0,0,0,0,0,0,False,False,True,False,False,False,True,False,False,False,False
1958,61074.0,0,1,37,789,0,133,0,28,152,7,11,5,8,7,0,0,0,0,0,0,0,False,False,True,False,False,False,True,False,False,False,False
1957,21994.0,0,1,4,9,0,6,3,1,3,1,0,0,3,5,0,0,0,0,0,0,0,False,False,True,False,False,False,False,False,True,False,False
1971,35788.0,1,1,34,23,2,11,3,1,4,2,2,0,3,6,0,0,0,0,0,0,0,False,False,True,False,False,False,True,False,False,False,False
1970,44802.0,0,0,71,853,10,143,13,10,20,2,9,4,12,8,0,0,0,0,0,0,0,False,False,False,True,False,False,False,True,False,False,False
1953,56129.0,0,1,65,320,48,133,39,72,48,4,6,2,10,4,0,0,0,0,0,0,0,False,False,False,True,False,False,False,False,True,False,False
1977,20981.0,0,0,14,2,12,10,6,13,30,1,3,1,2,8,0,0,0,0,0,0,1,True,False,False,False,False,False,False,False,True,False,False
1962,76081.0,0,0,85,292,30,415,63,33,200,1,4,5,4,2,0,0,0,1,0,0,0,False,False,True,False,False,False,False,False,True,False,False
1960,46779.0,1,1,55,12,1,3,0,0,7,1,0,1,2,4,0,0,0,0,0,0,0,True,False,False,False,False,False,False,False,False,True,False
1971,47111.0,0,1,35,595,71,153,120,112,41,6,3,2,10,9,0,0,0,0,0,0,0,False,False,False,False,True,False,False,False,False,True,False
1966,57705.0,0,1,14,383,0,53,6,4,40,3,8,1,6,6,0,0,0,0,0,0,0,False,False,False,False,True,False,True,False,False,False,False
1979,57537.0,1,0,83,191,56,139,51,8,100,4,4,3,8,4,0,0,0,0,0,0,0,False,False,True,False,False,False,False,True,False,False,False
1971,38196.0,1,1,20,30,0,11,0,0,3,3,2,0,4,5,0,0,0,0,0,0,0,False,False,False,True,False,False,True,False,False,False,False
1967,65777.0,0,0,87,565,32,435,28,32,54,1,2,8,6,1,0,0,0,0,0,0,0,False,False,True,False,False,False,False,False,True,False,False
1957,65487.0,0,0,48,240,67,500,199,0,163,3,3,5,6,2,0,0,0,0,0,0,0,False,False,False,True,False,False,False,False,True,False,False
1985,41473.0,1,0,80,21,8,20,15,3,9,1,2,0,3,7,0,0,0,0,0,0,0,True,False,False,False,False,False,False,True,False,False,False
1990,18929.0,0,0,15,32,0,8,23,4,18,1,1,0,4,6,0,0,0,0,0,0,0,False,False,True,False,False,False,True,False,False,False,False
1960,73113.0,0,0,86,741,19,154,50,9,28,1,3,4,7,2,0,0,0,0,0,0,0,False,False,False,True,False,False,False,False,True,False,False
1956,63943.0,0,1,50,423,184,368,13,97,21,1,6,4,6,5,0,0,0,0,0,0,0,False,False,True,False,False,False,True,False,False,False,False
1967,70844.0,1,1,16,129,26,67,3,67,2,5,6,1,5,7,0,0,0,0,0,0,0,False,False,True,False,False,True,False,False,False,False,False
1960,31454.0,1,1,40,28,0,11,0,0,9,3,2,0,3,8,0,0,0,0,0,0,0,False,False,True,False,False,False,True,False,False,False,False
1958,75342.0,0,1,38,204,97,97,21,118,26,1,5,2,10,4,0,0,0,0,0,0,0,True,False,False,False,False,False,False,True,False,False,False
1952,33402.0,1,1,60,26,2,19,10,5,8,3,2,1,3,8,0,0,0,0,0,0,0,False,False,True,False,False,False,False,False,True,False,False
1956,67131.0,0,1,72,465,71,250,93,35,62,3,9,2,12,6,0,0,0,0,0,0,0,False,False,True,False,False,False,True,False,False,False,False
1978,52513.0,0,0,84,367,17,241,104,188,232,2,9,5,9,7,0,0,0,0,0,0,0,True,False,False,False,False,False,False,False,True,False,False
1976,59809.0,0,2,36,598,16,141,32,41,49,3,3,3,6,8,0,0,0,0,0,0,0,False,False,True,False,False,False,True,False,False,False,False
1978,24882.0,1,0,52,1,4,10,29,0,36,1,1,1,2,6,1,0,0,0,0,0,0,False,True,False,False,False,False,False,False,True,False,False
1979,24594.0,1,0,94,1,3,6,10,0,9,1,1,0,3,5,0,0,0,0,0,0,0,False,True,False,False,False,False,False,False,True,False,False
1973,35688.0,2,1,94,73,3,90,12,1,32,7,4,1,4,8,0,0,0,0,0,0,0,True,False,False,False,False,False,True,False,False,False,False
1972,65704.0,0,0,18,279,172,74,38,8,246,1,2,10,10,1,0,0,0,0,0,0,0,True,False,False,False,False,False,False,True,False,False,False
1976,70179.0,0,1,10,532,88,168,69,44,133,3,7,3,13,5,0,0,0,0,0,0,0,False,False,False,False,True,True,False,False,False,False,False
1971,30538.0,1,0,27,284,0,52,8,3,20,4,9,0,4,10,0,0,0,0,0,0,0,False,False,False,True,False,False,False,False,True,False,False
1985,16581.0,0,0,51,1,3,4,2,3,11,1,0,0,3,4,0,0,0,0,0,0,0,False,True,False,False,False,False,False,True,False,False,False
1968,75693.0,0,0,10,797,153,293,72,97,30,1,11,4,6,4,0,1,1,1,0,0,1,False,False,True,False,False,True,False,False,False,False,False
1958,33438.0,1,1,81,62,1,16,3,2,6,4,2,1,4,5,0,0,0,0,0,0,0,False,False,False,False,True,False,False,False,False,True,False
1958,48192.0,0,0,76,1039,43,204,153,58,29,3,2,8,12,8,0,1,0,1,1,0,1,False,False,True,False,False,False,True,False,False,False,False
1965,35791.0,2,1,94,27,0,5,0,0,3,2,1,0,3,8,0,0,0,0,0,0,0,False,False,False,True,False,False,False,True,False,False,False
1990,64509.0,0,0,19,836,185,575,24,25,77,1,6,3,9,4,1,0,0,0,0,0,1,False,False,True,False,False,False,False,True,False,False,False
1991,49767.0,0,0,92,202,47,197,55,42,149,1,5,4,8,4,0,0,0,0,0,0,0,False,False,True,False,False,False,False,True,False,False,False
1970,22585.0,0,0,23,3,9,15,13,2,39,1,1,1,2,9,1,0,0,0,0,0,1,False,False,True,False,False,False,False,True,False,False,False
1966,44794.0,0,1,99,54,0,7,0,0,4,1,2,0,3,6,0,0,0,0,0,0,0,False,False,True,False,False,False,True,False,False,False,False
1992,87000.0,0,0,61,196,25,607,67,17,49,1,4,6,7,2,0,0,0,0,0,0,0,True,False,False,False,False,False,True,False,False,False,False
1967,36947.0,1,1,49,88,3,21,4,1,29,4,3,0,4,9,0,0,0,0,0,0,0,False,False,False,False,True,False,True,False,False,False,False
1956,55284.0,0,1,60,547,7,140,0,7,63,3,7,5,8,5,0,0,0,0,0,0,0,False,False,False,True,False,False,False,True,False,False,False
1965,4861.0,0,0,20,2,1,1,1,0,1,0,0,0,0,14,0,0,0,0,0,0,0,False,False,True,False,False,True,False,False,False,False,False
1965,56046.0,0,0,9,577,0,64,0,0,51,2,10,1,8,8,1,0,0,0,0,0,1,False,False,True,False,False,False,False,False,True,False,False
1972,80134.0,1,0,40,1218,16,272,104,0,80,2,5,3,6,6,0,1,1,1,0,0,1,False,False,True,False,False,False,True,False,False,False,False
1975,52614.0,0,1,63,789,0,142,12,9,38,2,2,4,8,8,0,0,0,0,0,0,0,False,False,False,False,True,False,False,True,False,False,False
1986,28072.0,1,0,10,30,0,10,2,0,5,1,1,0,3,7,0,0,0,0,0,0,0,False,False,False,True,False,False,True,False,False,False,False
1971,30372.0,1,1,33,15,0,12,7,3,7,3,2,0,3,7,0,0,0,0,0,0,0,False,False,True,False,False,False,False,False,False,True,False
1954,85683.0,0,0,6,1296,17,311,45,69,51,1,2,4,10,1,0,1,1,1,1,0,1,False,False,True,False,False,True,False,False,False,False,False
1967,67309.0,1,1,76,515,47,181,149,95,95,15,9,6,9,7,0,0,0,0,0,0,0,True,False,False,False,False,False,False,False,True,False,False
1992,18746.0,1,0,41,2,10,11,12,9,20,2,3,0,3,6,0,0,0,0,0,0,0,False,True,False,False,False,False,False,True,False,False,False
1978,33039.0,1,0,4,30,8,12,8,8,12,1,2,0,4,5,0,0,0,0,0,0,0,False,False,True,False,False,False,True,False,False,False,False
1968,41120.0,1,1,80,24,2,23,0,8,24,3,2,1,3,6,0,0,0,0,0,0,0,False,False,True,False,False,False,True,False,False,False,False
1976,61064.0,0,1,80,387,126,342,0,45,180,5,8,4,11,6,0,0,0,0,0,0,0,False,False,True,False,False,False,True,False,False,False,False
1989,30279.0,1,0,13,10,4,14,4,4,1,1,1,0,3,8,0,0,0,0,0,0,0,False,False,True,False,False,False,False,True,False,False,False
1976,37697.0,1,0,82,34,6,21,11,4,8,1,2,1,3,6,0,0,0,0,0,0,0,False,False,True,False,False,False,False,True,False,False,False
1960,89058.0,0,0,18,454,194,106,31,22,43,1,5,4,4,2,0,0,0,0,0,0,0,False,False,False,True,False,False,True,False,False,False,False
1974,83145.0,0,0,14,777,35,731,39,137,114,1,5,9,11,2,0,0,1,0,0,0,1,False,False,True,False,False,False,False,False,True,False,False
1950,42873.0,1,1,11,209,0,40,3,2,15,4,6,1,4,8,0,0,0,0,0,0,0,False,False,False,False,True,True,False,False,False,False,False
1984,90000.0,0,0,91,675,144,133,94,192,241,1,4,8,5,1,1,0,1,1,0,0,0,False,False,True,False,False,False,True,False,False,False,False
1967,77870.0,0,1,93,1017,50,500,65,50,133,3,5,5,5,8,0,1,0,1,0,0,1,False,False,True,False,False,False,True,False,False,False,False
1981,36143.0,1,0,33,12,0,1,0,0,6,1,0,1,2,3,0,0,0,0,0,0,0,False,False,False,True,False,False,False,True,False,False,False
1949,47570.0,1,1,3,67,1,20,0,2,31,3,2,2,2,7,0,0,0,0,0,0,1,False,False,False,True,False,False,False,False,False,True,False
1972,75251.0,0,0,34,721,111,925,97,18,18,1,7,6,5,5,0,0,0,0,0,0,1,False,False,False,True,False,False,True,False,False,False,False
1960,98777.0,0,0,23,1000,19,711,125,115,38,0,4,6,9,1,0,1,0,0,0,0,0,False,False,False,True,False,False,False,True,False,False,False
1961,84865.0,0,0,1,1248,16,349,43,16,16,1,2,4,9,4,0,1,1,1,1,0,1,False,False,False,False,True,False,False,True,False,False,False
1949,81698.0,0,0,4,179,28,520,111,123,47,1,3,8,13,1,0,0,0,0,0,0,1,False,False,False,True,False,False,True,False,False,False,False
1982,42081.0,1,0,86,175,10,110,54,6,27,2,6,3,4,6,1,0,0,0,0,0,0,False,False,True,False,False,False,True,False,False,False,False
1969,54132.0,0,1,81,30,1,8,0,0,3,1,1,0,3,7,0,0,0,0,0,0,0,False,False,False,False,True,False,False,False,True,False,False
1965,61482.0,0,0,39,48,58,68,16,66,43,1,3,2,6,2,0,0,0,0,0,0,0,False,False,True,False,False,False,True,False,False,False,False
1958,26490.0,0,0,92,45,47,52,21,20,25,2,3,1,5,6,0,0,0,0,0,0,0,True,False,False,False,False,False,False,False,True,False,False
1955,58482.0,0,1,59,576,7,115,19,7,7,2,7,4,9,6,0,1,0,0,0,0,0,False,False,False,False,True,False,True,False,False,False,False
1963,22419.0,0,0,74,30,3,47,19,21,42,1,3,2,2,8,0,0,0,0,0,0,0,False,False,True,False,False,False,True,False,False,False,False
1980,14515.0,1,0,71,6,4,9,6,36,35,4,2,2,3,7,0,0,0,0,0,0,1,True,False,False,False,False,False,False,False,True,False,False
1970,38097.0,1,1,70,77,2,35,0,1,69,4,3,2,2,7,1,0,0,0,0,0,1,False,False,False,False,True,False,True,False,False,False,False
1969,51039.0,1,1,11,100,64,79,65,0,109,2,6,2,4,7,0,0,0,0,0,0,0,False,False,False,False,True,False,True,False,False,False,False
1975,60554.0,1,0,8,588,7,76,110,15,15,2,8,4,9,6,0,0,0,0,0,0,0,False,False,False,False,True,True,False,False,False,False,False
1951,59412.0,0,0,56,90,67,165,30,43,11,1,4,2,8,3,0,0,0,0,0,0,0,False,False,False,True,False,False,True,False,False,False,False
1967,30753.0,1,1,85,12,5,25,0,9,30,2,1,1,3,5,0,0,0,0,0,0,0,True,False,False,False,False,False,False,False,True,False,False
1956,54998.0,0,1,3,154,22,202,39,30,8,5,4,2,9,4,0,0,0,0,0,0,1,False,False,False,False,True,False,False,True,False,False,False
1962,71670.0,0,0,8,1462,16,128,0,0,160,1,5,3,6,6,0,1,1,0,1,0,1,False,False,False,False,True,False,False,False,False,True,False
1975,60631.0,1,1,88,565,6,65,0,6,19,5,9,2,8,7,0,1,0,0,0,0,0,False,False,False,False,True,False,True,False,False,False,False
1951,78939.0,0,0,57,794,115,243,150,0,205,1,8,5,6,3,0,0,0,0,0,0,0,False,False,False,False,True,False,True,False,False,False,False
1965,46891.0,0,1,91,43,12,23,29,15,61,1,2,1,4,4,0,0,0,0,0,0,0,True,False,False,False,False,False,True,False,False,False,False
1946,62159.0,0,0,68,182,17,259,77,70,29,1,6,2,10,4,0,0,0,0,0,0,0,False,False,False,False,True,False,False,True,False,False,False
1957,40451.0,0,2,54,35,0,4,0,0,10,1,1,1,2,5,1,0,0,0,0,0,0,False,False,False,False,True,False,False,False,True,False,False
1952,55951.0,0,1,62,1241,0,80,0,13,40,3,3,6,11,8,0,1,0,0,1,0,0,False,False,False,True,False,False,False,False,True,False,False
1973,35860.0,1,1,37,15,0,8,4,2,20,2,1,1,2,5,1,0,0,0,0,0,1,False,False,False,False,True,True,False,False,False,False,False
1969,43641.0,1,1,50,57,2,51,4,2,23,3,2,1,4,6,0,0,0,0,0,0,0,False,False,False,True,False,False,True,False,False,False,False
1976,16927.0,1,1,50,20,2,23,3,1,4,5,3,0,4,8,0,0,0,0,0,0,0,False,False,False,False,True,False,True,False,False,False,False
1974,39190.0,1,0,91,68,8,18,19,8,12,2,2,1,4,5,0,0,0,0,0,0,0,False,False,False,False,True,False,False,True,False,False,False
1951,53312.0,0,0,32,241,0,12,0,0,25,1,5,1,5,7,0,0,0,0,0,0,0,False,False,False,False,True,False,True,False,False,False,False
1979,71626.0,0,0,94,546,72,376,94,145,72,1,5,5,8,3,0,1,0,0,0,0,0,False,False,True,False,False,False,True,False,False,False,False
1960,28520.0,1,1,55,11,0,10,0,2,20,1,1,1,2,6,0,0,0,0,0,0,0,False,False,False,True,False,False,True,False,False,False,False
1980,69661.0,0,0,80,656,16,106,32,16,8,1,7,3,12,3,0,0,0,0,0,0,0,False,False,False,True,False,False,True,False,False,False,False
1974,33590.0,2,1,65,4,0,2,0,0,2,1,1,0,2,7,0,0,0,0,0,0,0,False,False,True,False,False,False,False,False,True,False,False
1982,45203.0,2,0,4,35,3,67,10,8,24,1,3,1,3,6,0,0,0,0,0,0,1,False,False,True,False,False,False,False,False,True,False,False
1975,69283.0,0,1,41,674,62,134,0,26,8,4,7,3,13,5,0,0,0,0,0,0,0,False,False,False,False,True,False,True,False,False,False,False
1963,32632.0,0,0,32,63,151,137,153,19,53,2,4,4,8,5,0,0,0,0,0,0,0,True,False,False,False,False,False,True,False,False,False,False
1987,25545.0,1,0,35,32,1,64,16,12,85,3,2,2,3,6,0,0,0,0,0,0,1,False,False,True,False,False,False,True,False,False,False,False
1980,67506.0,0,1,73,90,38,67,33,36,67,1,4,1,6,3,0,0,0,0,0,0,0,True,False,False,False,False,False,False,True,False,False,False
1952,43776.0,1,1,9,177,2,71,3,2,20,6,5,2,4,8,0,0,0,0,0,0,1,False,False,False,True,False,False,False,False,True,False,False
1980,44964.0,1,1,35,19,1,17,2,0,2,1,1,0,3,8,0,0,0,0,0,0,0,False,False,True,False,False,False,False,False,True,False,False
1975,47682.0,0,1,80,162,61,83,97,57,61,4,4,3,8,5,0,0,0,0,0,0,0,True,False,False,False,False,False,False,False,False,True,False
1991,90638.0,0,0,29,1156,120,915,94,144,96,1,3,4,10,1,0,0,1,0,0,0,0,False,False,False,True,False,False,False,True,False,False,False
1975,80144.0,0,0,47,240,132,445,250,192,108,1,3,7,8,1,0,0,0,0,0,0,0,False,False,True,False,False,False,False,False,True,False,False
1975,23957.0,1,0,47,2,1,18,20,11,16,1,2,0,3,6,0,0,0,0,0,0,1,False,False,True,False,False,False,True,False,False,False,False
1960,62807.0,0,1,83,526,28,135,10,21,99,3,5,3,12,5,0,0,0,0,0,0,0,False,False,True,False,False,False,False,False,True,False,False
1979,36781.0,1,0,16,29,1,17,0,3,13,1,2,1,2,8,0,0,0,0,0,0,1,False,False,True,False,False,False,True,False,False,False,False
1990,24683.0,1,0,98,8,4,10,6,7,6,2,2,0,4,5,0,0,0,0,0,0,0,True,False,False,False,False,False,True,False,False,False,False
1979,15287.0,1,0,60,1,2,8,4,3,13,2,1,1,2,7,1,0,0,0,0,0,1,False,False,True,False,False,True,False,False,False,False,False
1960,79530.0,0,0,64,333,0,815,129,42,29,1,4,10,11,2,0,0,0,0,0,0,0,False,False,True,False,False,False,True,False,False,False,False
1984,40059.0,1,0,82,110,29,92,28,10,145,1,6,2,3,8,1,0,0,0,0,0,0,False,False,True,False,False,False,True,False,False,False,False
1968,70566.0,0,1,4,381,28,215,84,28,21,2,6,5,9,3,0,0,0,0,0,0,0,False,False,True,False,False,False,False,True,False,False,False
1981,24336.0,1,0,82,1,6,2,8,2,12,1,1,0,2,7,0,0,0,0,0,0,0,True,False,False,False,False,False,False,True,False,False,False
1959,78353.0,0,1,51,752,122,476,39,153,34,1,10,2,11,8,0,0,0,0,0,0,0,True,False,False,False,False,True,False,False,False,False,False
1958,71964.0,0,0,81,587,51,932,180,34,86,1,5,6,5,3,0,0,0,0,0,0,0,False,False,True,False,False,True,False,False,False,False,False
1961,48330.0,0,1,2,28,0,4,0,0,0,1,1,0,3,5,0,0,0,0,0,0,0,False,False,False,True,False,False,False,False,True,False,False
1957,43140.0,0,1,68,134,8,76,6,0,11,1,4,1,5,6,0,0,0,0,0,0,0,False,False,True,False,False,False,True,False,False,False,False
1965,36921.0,1,1,74,17,1,12,3,1,4,2,2,0,3,7,0,0,0,0,0,0,0,False,False,False,False,True,True,False,False,False,False,False
1971,42767.0,2,0,53,20,6,43,19,5,38,1,3,1,2,8,0,0,0,0,0,0,0,False,False,False,False,True,False,False,True,False,False,False
1960,70971.0,0,1,28,1001,17,572,93,125,17,7,11,11,5,7,0,0,0,0,0,0,1,False,False,True,False,False,False,False,False,True,False,False
1965,33168.0,0,1,0,80,1,37,0,1,3,3,2,1,4,7,0,0,0,0,0,0,0,False,False,False,True,False,False,False,True,False,False,False
1978,54162.0,1,1,31,5,6,10,6,5,10,1,1,0,3,4,0,0,0,0,0,0,0,False,False,True,False,False,False,False,False,False,True,False
1966,55686.0,0,1,27,673,0,199,37,47,26,2,6,3,5,4,1,0,0,0,0,0,0,False,False,True,False,False,True,False,False,False,False,False
1955,82384.0,0,0,55,984,51,432,180,120,190,1,3,10,13,1,0,0,1,0,0,0,1,False,False,False,True,False,False,False,False,True,False,False
1961,61923.0,0,2,94,92,4,18,3,3,6,1,2,1,4,3,0,0,0,0,0,0,0,False,False,False,True,False,False,True,False,False,False,False
1980,19107.0,1,0,49,2,4,9,10,5,16,2,1,0,3,7,0,0,0,0,0,0,0,False,False,True,False,False,False,True,False,False,False,False
1980,31859.0,1,0,3,3,4,7,15,8,11,1,1,0,3,7,0,0,0,0,0,0,0,True,False,False,False,False,False,False,True,False,False,False
1974,44989.0,0,1,26,98,0,106,49,10,106,5,5,1,5,6,0,0,0,0,0,0,0,False,False,True,False,False,False,True,False,False,False,False
1954,57744.0,0,1,91,350,3,39,0,0,19,2,9,1,4,8,0,0,0,0,0,0,0,False,False,False,False,True,False,True,False,False,False,False
1976,162397.0,1,1,31,85,1,16,2,1,2,0,0,0,1,1,0,0,0,0,0,0,0,False,False,False,False,True,False,False,False,True,False,False
1978,70440.0,0,0,49,690,117,499,76,102,88,1,5,10,7,3,0,0,0,1,0,0,0,False,False,True,False,False,False,False,False,True,False,False
1959,18690.0,0,0,77,6,1,7,23,4,19,1,1,1,2,8,0,0,0,0,0,0,0,False,False,True,False,False,False,True,False,False,False,False
1988,39747.0,1,0,43,80,15,93,20,13,52,3,5,1,4,8,0,0,0,0,0,0,0,False,False,True,False,False,False,False,True,False,False,False
1967,70647.0,0,1,65,561,85,171,25,123,114,2,4,7,13,2,0,0,0,0,0,0,0,False,False,True,False,False,True,False,False,False,False,False
1975,46098.0,1,1,86,57,0,27,0,0,36,4,3,2,2,8,0,0,0,0,0,0,1,False,False,False,True,False,False,False,True,False,False,False
1975,57036.0,0,1,33,1171,43,219,19,14,47,4,6,3,13,9,1,0,0,0,0,0,0,True,False,False,False,False,False,True,False,False,False,False
1950,82460.0,0,0,78,255,47,573,52,32,15,1,5,3,6,1,0,0,0,0,0,0,0,False,False,True,False,False,True,False,False,False,False,False
1976,62061.0,0,1,12,641,7,84,0,30,38,3,10,4,7,6,0,1,0,0,0,0,0,False,False,True,False,False,False,False,False,True,False,False
1949,72025.0,0,0,46,967,0,617,43,50,0,1,4,8,13,2,0,1,1,1,0,0,1,False,False,True,False,False,False,True,False,False,False,False
1975,53201.0,1,1,49,280,7,81,20,0,27,8,6,3,5,7,0,0,0,0,0,0,0,False,False,True,False,False,False,False,True,False,False,False
1987,23442.0,1,0,71,2,0,6,8,6,5,1,1,0,3,7,0,0,0,0,0,0,0,False,False,True,False,False,False,False,True,False,False,False
1970,81205.0,0,0,43,724,74,929,97,55,130,1,5,6,7,2,1,0,1,0,1,0,1,False,False,True,False,False,False,False,False,True,False,False
1959,87771.0,0,1,61,1492,38,287,50,57,33,1,5,10,4,6,0,1,1,1,1,0,1,False,False,True,False,False,False,False,False,True,False,False
1958,53083.0,1,1,65,215,7,33,3,0,13,6,5,1,5,7,0,1,0,0,0,0,0,True,False,False,False,False,False,False,False,True,False,False
1967,22574.0,2,1,28,25,0,8,2,0,2,2,2,0,3,7,0,0,0,0,0,0,0,False,False,True,False,False,False,True,False,False,False,False
1976,5305.0,0,1,12,12,4,7,1,3,5,0,1,0,0,13,0,0,0,0,0,0,0,False,False,True,False,False,False,True,False,False,False,False
1966,57811.0,0,1,49,545,7,114,37,21,78,5,7,2,11,5,0,1,0,0,0,0,0,False,False,True,False,False,False,False,False,True,False,False
1951,80872.0,0,0,60,483,72,567,94,12,108,1,4,4,10,1,0,0,0,0,0,0,0,False,False,True,False,False,False,False,True,False,False,False
1948,34469.0,1,1,58,19,6,20,0,5,12,3,1,1,4,4,0,0,0,0,0,0,0,False,False,False,False,True,False,True,False,False,False,False
1960,41275.0,1,2,33,24,4,22,0,2,9,4,3,1,3,5,0,0,0,0,0,0,0,False,False,False,True,False,False,False,False,True,False,False
1985,66503.0,1,0,30,91,64,128,65,3,50,2,4,3,6,3,0,0,0,0,0,0,0,False,False,True,False,False,False,False,True,False,False,False
1979,27244.0,1,0,84,6,5,17,3,24,46,2,2,2,2,7,0,0,0,0,0,0,0,False,False,True,False,False,False,True,False,False,False,False
1983,92491.0,0,0,71,979,44,935,29,25,22,1,7,5,12,3,0,1,1,1,0,0,1,False,False,False,False,True,False,True,False,False,False,False
1978,38702.0,1,0,71,13,11,24,13,8,40,2,3,0,4,6,0,0,0,0,0,0,0,True,False,False,False,False,False,False,False,True,False,False
1976,54058.0,0,1,56,198,18,252,32,108,54,2,4,6,8,3,0,0,0,0,0,0,0,False,False,True,False,False,False,False,False,True,False,False
1952,69142.0,0,1,50,448,4,34,6,4,39,3,8,1,7,5,0,1,0,0,0,0,0,False,False,True,False,False,True,False,False,False,False,False
1982,57937.0,0,1,56,261,42,144,55,48,133,3,4,4,9,3,0,0,0,0,0,0,0,True,False,False,False,False,False,True,False,False,False,False
1953,70503.0,0,0,73,1379,33,216,0,33,66,1,2,4,9,6,0,1,1,0,0,0,0,False,False,True,False,False,False,True,False,False,False,False
1971,31632.0,0,0,92,17,8,12,11,15,32,1,2,1,2,7,0,0,0,0,0,0,0,False,False,True,False,False,False,False,True,False,False,False
1970,25959.0,1,1,1,4,2,12,7,5,26,2,1,2,2,6,0,0,0,0,0,0,1,True,False,False,False,False,True,False,False,False,False,False
1970,44267.0,1,1,48,183,5,65,3,5,49,5,5,2,4,9,0,0,0,0,0,0,0,False,False,True,False,False,True,False,False,False,False,False
1987,29236.0,1,0,30,37,4,24,16,9,9,2,4,0,3,9,0,0,0,0,0,0,0,False,False,True,False,False,False,False,True,False,False,False
1951,47352.0,0,1,70,172,12,112,8,0,15,4,6,1,5,7,0,0,0,0,0,0,0,False,False,False,True,False,False,False,False,True,False,False
1977,35790.0,1,0,54,12,6,20,30,1,3,2,2,0,3,7,0,0,0,0,0,0,0,False,False,True,False,False,False,False,True,False,False,False
1987,81361.0,0,0,18,163,23,424,27,65,76,1,3,10,13,1,0,0,0,0,0,0,1,False,False,True,False,False,True,False,False,False,False,False
1966,37070.0,1,1,30,231,7,137,4,15,39,9,5,1,8,7,0,0,0,0,0,0,1,False,False,True,False,False,False,False,True,False,False,False
1978,55563.0,0,1,22,29,1,9,2,0,2,1,2,0,3,3,0,0,0,0,0,0,0,False,False,True,False,False,True,False,False,False,False,False
1980,50183.0,1,1,47,97,12,84,13,10,15,7,3,1,6,5,0,0,0,0,0,0,0,False,False,True,False,False,False,True,False,False,False,False
1951,34838.0,1,1,62,28,23,29,29,14,47,3,2,1,4,6,0,0,0,0,0,0,0,False,False,True,False,False,False,True,False,False,False,False
1952,62998.0,0,1,10,120,58,73,65,89,58,5,5,4,5,5,0,0,0,0,0,0,0,False,False,True,False,False,False,True,False,False,False,False
1977,22701.0,1,0,2,2,4,9,0,4,5,1,1,0,3,5,0,0,0,0,0,0,0,False,False,False,True,False,False,True,False,False,False,False
1980,30732.0,1,0,44,155,1,25,0,1,3,4,4,1,4,8,0,0,0,0,0,0,0,False,False,False,False,True,False,True,False,False,False,False
1959,71232.0,0,1,91,653,17,170,34,26,17,2,11,2,10,7,0,0,0,0,0,0,0,False,False,True,False,False,False,False,False,True,False,False
1977,71855.0,0,1,59,548,31,422,0,112,28,4,5,5,11,3,0,0,0,0,0,0,0,False,False,True,False,False,False,True,False,False,False,False
1975,66653.0,1,1,18,452,18,102,16,18,6,4,4,2,12,3,0,0,0,0,0,0,0,False,False,True,False,False,False,False,False,True,False,False
1989,21474.0,1,0,0,6,16,24,11,0,34,2,3,1,2,7,1,0,0,0,0,0,1,False,False,True,False,False,False,False,True,False,False,False
1979,24594.0,1,0,94,1,3,6,10,0,9,1,1,0,3,5,0,0,0,0,0,0,0,False,True,False,False,False,False,False,False,True,False,False
1955,38725.0,1,1,52,31,0,6,2,1,5,2,1,0,4,4,0,0,0,0,0,0,0,False,False,False,False,True,False,True,False,False,False,False
1953,37716.0,0,1,4,97,1,41,6,2,41,2,4,1,3,7,0,0,0,0,0,0,0,False,False,True,False,False,False,True,False,False,False,False
1978,46377.0,1,0,89,37,0,46,4,3,0,1,2,1,3,4,0,0,0,0,0,0,0,False,False,False,False,True,False,True,False,False,False,False
1974,45207.0,1,1,64,203,0,10,0,0,2,5,3,1,6,6,0,1,0,0,0,0,0,False,False,False,False,True,False,True,False,False,False,False
1976,60482.0,0,1,81,255,43,134,37,14,24,1,7,2,7,7,0,0,0,0,0,0,0,False,False,False,True,False,False,False,True,False,False,False
1990,24279.0,0,0,6,16,36,21,20,62,108,1,4,1,3,8,0,0,0,0,0,0,0,False,True,False,False,False,False,True,False,False,False,False
1947,70321.0,0,0,6,303,23,751,82,26,191,1,6,5,13,4,0,0,0,0,0,0,1,False,False,True,False,False,False,False,False,True,False,False
1976,71322.0,0,1,31,121,24,124,24,15,42,1,4,1,7,2,0,0,0,0,0,0,0,False,False,True,False,False,False,False,False,True,False,False
1986,45921.0,0,0,23,102,9,49,24,3,12,1,2,1,6,4,0,0,0,0,0,0,0,False,False,False,False,True,False,True,False,False,False,False
1976,12571.0,1,0,86,3,5,14,2,12,17,4,3,1,3,6,0,0,0,0,0,0,0,False,False,True,False,False,True,False,False,False,False,False
1952,62307.0,0,1,94,87,13,34,10,6,10,1,4,0,4,5,0,0,0,0,0,0,0,False,False,True,False,False,False,False,True,False,False,False
1978,88097.0,1,0,24,163,0,480,0,126,75,1,6,5,8,9,0,1,1,1,0,0,1,False,False,False,True,False,False,True,False,False,False,False
1975,61905.0,0,1,2,167,0,43,6,2,13,2,4,2,4,5,0,0,0,0,0,0,0,False,False,False,False,True,False,False,False,True,False,False
1955,61284.0,0,0,76,618,15,106,20,7,45,1,11,2,8,6,0,1,0,0,0,0,0,False,False,False,False,True,False,False,True,False,False,False
1971,32892.0,1,0,78,26,0,15,2,1,2,2,3,0,3,8,0,0,0,0,0,0,0,False,False,False,False,True,False,False,False,True,False,False
1972,78075.0,0,0,72,572,8,259,34,35,80,1,3,5,5,1,0,0,0,0,0,0,0,False,False,False,False,True,False,True,False,False,False,False
1979,15287.0,1,0,60,1,2,8,4,3,13,2,1,1,2,7,1,0,0,0,0,0,1,False,False,True,False,False,True,False,False,False,False,False
1951,75903.0,0,1,50,340,108,185,130,38,100,2,6,6,9,3,0,0,0,0,0,0,0,False,False,True,False,False,False,True,False,False,False,False
1979,60474.0,0,1,25,265,199,303,234,9,170,7,10,2,12,7,0,0,0,0,0,0,0,False,False,True,False,False,False,False,True,False,False,False
1992,83528.0,0,0,7,530,117,678,134,44,147,1,4,10,8,1,1,0,0,1,0,0,1,False,False,True,False,False,False,False,True,False,False,False
1968,41728.0,1,0,92,13,6,15,3,5,13,1,2,0,2,10,0,0,0,0,0,0,0,False,False,True,False,False,False,False,False,True,False,False
1967,52074.0,0,1,77,59,0,12,0,0,48,1,2,2,2,4,1,0,0,0,0,0,0,False,False,True,False,False,False,False,True,False,False,False
1978,38136.0,1,0,69,8,15,27,0,20,33,2,3,1,2,8,1,0,0,0,0,0,0,False,False,True,False,False,False,True,False,False,False,False
1973,34853.0,1,1,75,9,3,15,2,3,2,2,2,0,3,6,0,0,0,0,0,0,0,False,False,True,False,False,False,False,True,False,False,False
1948,92344.0,0,0,9,992,24,694,51,19,119,0,5,10,5,1,1,0,1,0,0,0,0,False,False,True,False,False,False,True,False,False,False,False
1965,40637.0,1,1,72,22,0,13,0,0,3,2,1,0,3,7,0,0,0,0,0,0,0,False,False,False,False,True,False,False,True,False,False,False
1960,47353.0,0,1,93,184,2,19,8,8,4,3,2,2,6,5,0,0,0,0,0,0,0,False,False,False,True,False,False,True,False,False,False,False
1953,65569.0,0,1,96,397,46,288,20,38,70,2,6,5,10,3,0,0,0,0,0,0,0,False,False,False,True,False,False,True,False,False,False,False
1955,75261.0,0,0,17,1239,17,413,23,34,17,1,5,6,5,2,0,1,1,0,0,0,1,False,False,False,False,True,False,False,False,True,False,False
1990,34412.0,1,0,62,52,12,50,4,36,55,3,5,0,3,9,0,0,0,0,0,0,0,False,False,True,False,False,False,False,True,False,False,False
1968,23748.0,1,0,97,6,6,29,12,15,8,3,2,1,3,8,0,0,0,0,0,0,0,False,False,False,True,False,True,False,False,False,False,False
1976,64892.0,0,1,77,527,24,230,32,24,65,2,6,4,12,4,0,0,0,0,0,0,0,False,False,True,False,False,True,False,False,False,False,False
1952,84574.0,0,0,72,387,20,713,38,54,163,1,9,11,11,5,0,0,0,0,0,0,0,False,False,True,False,False,False,False,True,False,False,False
1962,76624.0,0,1,68,411,106,147,54,115,66,1,5,10,7,1,1,0,0,0,0,0,0,False,False,True,False,False,False,False,True,False,False,False
1976,65991.0,0,1,21,507,19,364,25,47,9,3,9,5,10,7,0,0,0,0,0,0,0,False,False,True,False,False,False,True,False,False,False,False
1977,40246.0,1,0,68,2,1,6,2,1,1,1,1,0,2,6,0,0,0,0,0,0,0,False,False,True,False,False,True,False,False,False,False,False
1974,67445.0,0,1,63,757,80,217,29,80,11,5,9,6,12,6,0,0,0,0,0,0,0,False,False,True,False,False,False,True,False,False,False,False
1980,78789.0,0,0,12,667,50,850,21,83,83,1,4,6,5,2,0,0,0,0,0,0,1,False,False,False,True,False,True,False,False,False,False,False
1973,35860.0,1,1,37,15,0,8,4,2,20,2,1,1,2,5,1,0,0,0,0,0,0,False,False,False,False,True,True,False,False,False,False,False
1990,73687.0,0,0,8,559,153,503,218,13,181,1,3,9,9,2,0,0,0,1,0,0,1,False,False,True,False,False,False,True,False,False,False,False
1943,65073.0,0,0,65,629,17,177,69,0,8,1,5,3,5,2,0,0,0,0,0,1,0,False,False,False,True,False,False,True,False,False,False,False
1955,72635.0,0,0,54,390,22,323,104,35,107,1,6,8,6,3,0,0,0,1,0,0,0,True,False,False,False,False,False,True,False,False,False,False
1960,17144.0,1,1,96,18,2,19,0,2,6,5,3,0,4,7,0,0,0,0,0,0,0,False,False,False,True,False,False,False,False,True,False,False
1981,54386.0,0,1,8,277,21,64,62,21,25,2,3,2,10,3,0,0,0,0,0,0,0,False,False,True,False,False,False,True,False,False,False,False
1977,28769.0,1,0,76,41,5,129,10,3,3,3,4,1,4,9,0,0,0,0,0,0,0,False,False,True,False,False,False,False,True,False,False,False
1962,56067.0,0,1,51,517,12,54,16,6,120,2,7,4,7,5,0,0,0,0,0,0,0,False,False,False,False,True,False,False,False,True,False,False
1974,102692.0,0,0,5,168,148,444,32,172,148,1,6,9,13,2,0,1,1,1,1,0,1,False,False,True,False,False,True,False,False,False,False,False
1978,38557.0,1,0,17,76,3,31,4,4,27,2,3,1,3,7,0,0,0,0,0,0,0,False,False,True,False,False,False,False,True,False,False,False
1969,56796.0,0,1,24,656,38,161,62,47,37,3,8,9,7,7,0,0,0,0,0,0,0,False,False,True,False,False,False,True,False,False,False,False
1961,28249.0,0,0,80,1,9,7,2,14,10,1,2,0,3,6,0,0,0,0,0,0,0,False,True,False,False,False,False,True,False,False,False,False
1965,70924.0,0,0,41,635,114,254,132,152,76,1,6,6,7,3,0,0,1,0,0,0,0,True,False,False,False,False,False,True,False,False,False,False
1980,25965.0,0,0,29,2,2,11,41,7,11,1,2,0,3,8,0,0,0,0,0,0,0,False,True,False,False,False,False,True,False,False,False,False
1976,30992.0,1,0,83,17,0,14,7,3,2,1,1,0,3,7,0,0,0,0,0,0,0,False,False,True,False,False,True,False,False,False,False,False
1957,47320.0,0,1,10,200,19,111,50,15,19,6,5,1,8,6,0,0,0,0,0,0,0,False,False,True,False,False,False,False,False,True,False,False
1973,31163.0,1,0,54,2,3,10,11,2,10,1,1,0,3,6,0,0,0,0,0,0,0,True,False,False,False,False,True,False,False,False,False,False
1986,8940.0,1,0,25,1,45,3,4,6,42,3,3,1,3,8,0,0,0,0,0,0,0,False,True,False,False,False,False,False,True,False,False,False
1967,62981.0,0,0,21,796,14,590,38,44,0,1,4,5,13,3,0,1,0,0,0,0,0,False,False,False,False,True,False,False,False,True,False,False
1975,11448.0,0,0,16,0,0,0,6,2,6,1,1,0,2,6,0,0,0,0,0,0,0,True,False,False,False,False,True,False,False,False,False,False
1954,80067.0,0,0,82,519,17,813,27,173,51,1,4,6,6,2,0,0,1,0,0,0,0,False,False,True,False,False,False,True,False,False,False,False
1965,47025.0,1,1,6,16,0,3,0,0,1,1,1,0,2,7,0,0,0,0,0,0,0,False,False,False,False,True,True,False,False,False,False,False
1988,23331.0,1,0,92,5,36,7,0,10,45,2,3,0,3,8,0,0,0,0,0,0,0,True,False,False,False,False,False,True,False,False,False,False
1954,66991.0,0,0,1,496,36,460,189,60,12,3,4,8,6,3,0,0,0,0,0,0,0,False,False,False,True,False,False,True,False,False,False,False
1970,13260.0,1,1,48,9,4,17,10,2,7,4,3,0,3,8,0,0,0,0,0,0,0,False,False,True,False,False,False,True,False,False,False,False
1982,18492.0,1,0,75,2,2,2,2,1,1,1,1,0,2,8,0,0,0,0,0,0,0,False,False,False,True,False,False,False,False,True,False,False
1985,21355.0,1,0,5,5,13,14,0,5,31,2,2,1,2,6,1,0,0,0,0,0,1,False,False,True,False,False,False,True,False,False,False,False
1967,61223.0,0,1,46,709,43,182,42,118,247,2,9,3,4,5,0,0,0,0,0,0,0,False,False,True,False,False,False,True,False,False,False,False
1958,65148.0,0,1,9,460,35,422,33,12,153,2,6,6,7,4,0,0,0,0,0,0,0,False,False,True,False,False,False,True,False,False,False,False
1987,67605.0,0,0,84,336,28,282,184,54,54,1,2,8,6,1,0,0,0,0,0,0,0,False,False,True,False,False,False,False,False,True,False,False
1959,80982.0,1,1,48,505,137,401,104,22,22,3,11,5,11,5,0,0,0,0,0,1,0,False,False,True,False,False,False,False,True,False,False,False
1963,54414.0,1,1,49,109,18,16,24,26,18,4,3,1,5,4,0,0,0,0,0,0,0,False,False,True,False,False,False,False,False,True,False,False
1970,105471.0,0,0,36,1009,181,104,202,21,207,0,9,8,13,3,0,0,1,1,0,0,1,False,False,True,False,False,False,False,False,True,False,False
1962,81975.0,0,1,2,983,76,184,180,138,27,1,6,3,4,7,0,0,1,0,0,0,0,True,False,False,False,False,True,False,False,False,False,False
1981,39665.0,1,0,97,127,1,56,0,1,31,3,4,2,3,7,1,0,0,0,0,0,0,False,False,False,False,True,False,False,False,True,False,False
1964,62905.0,0,1,68,166,75,96,119,107,59,3,7,2,8,4,0,0,0,0,0,0,0,True,False,False,False,False,False,True,False,False,False,False
1951,26997.0,0,0,89,7,23,78,133,49,144,2,4,2,5,7,0,0,0,0,0,0,0,False,True,False,False,False,False,True,False,False,False,False
1978,7500.0,1,1,5,6,5,4,13,4,25,4,2,1,3,6,0,0,0,0,0,0,0,False,False,True,False,False,False,False,True,False,False,False
1962,63887.0,0,1,38,897,23,207,15,11,92,5,9,6,12,6,0,0,0,0,0,0,0,False,False,True,False,False,True,False,False,False,False,False
1974,19346.0,1,0,26,2,0,9,3,6,2,1,1,0,3,8,0,0,0,0,0,0,0,False,False,True,False,False,True,False,False,False,False,False
1959,67786.0,0,0,0,431,82,441,80,20,102,1,3,6,6,1,0,0,0,0,0,0,1,False,False,False,False,True,False,False,False,False,True,False
1985,29760.0,1,0,87,64,4,68,7,5,17,4,3,1,4,8,0,0,0,0,0,0,0,False,False,True,False,False,False,False,True,False,False,False
1950,48070.0,0,1,33,373,14,83,6,9,19,3,8,2,6,7,0,0,0,0,0,1,0,False,False,True,False,False,False,False,False,True,False,False
1952,34074.0,1,1,69,135,1,41,10,1,67,5,3,3,3,6,1,0,0,0,0,0,0,False,False,True,False,False,False,False,False,True,False,False
1957,44155.0,1,1,24,22,1,9,0,0,14,1,1,1,2,4,0,0,0,0,0,0,0,False,False,False,False,True,False,True,False,False,False,False
1989,28691.0,1,0,56,5,4,13,8,0,4,1,1,0,3,8,0,0,0,0,0,0,0,False,False,True,False,False,False,True,False,False,False,False
1951,64950.0,0,1,29,819,0,72,12,0,63,2,11,2,10,7,0,1,0,0,0,0,0,False,False,False,False,True,False,False,True,False,False,False
1995,80617.0,0,0,42,594,51,631,72,55,32,1,4,6,8,2,0,0,0,0,0,0,0,True,False,False,False,False,False,False,True,False,False,False
1970,77622.0,0,2,3,520,7,154,19,0,14,2,6,3,11,3,0,0,0,0,0,0,0,False,False,False,False,True,False,False,False,True,False,False
1968,38443.0,1,1,58,32,0,5,0,0,1,2,1,0,3,7,0,0,0,0,0,0,0,False,False,False,False,True,False,True,False,False,False,False
1976,70893.0,0,0,42,768,44,561,77,44,14,1,6,6,10,3,0,0,0,0,0,0,0,False,False,False,True,False,False,False,True,False,False,False
1974,34421.0,1,0,81,3,3,7,6,2,9,1,1,0,2,7,0,0,0,0,0,0,0,False,False,True,False,False,False,True,False,False,False,False
1949,67911.0,0,1,63,529,0,356,63,28,0,3,6,7,11,3,0,0,0,0,0,0,0,False,False,False,False,True,False,False,False,True,False,False
1959,36732.0,1,1,71,21,5,3,10,1,7,3,1,1,4,2,0,0,0,0,0,0,0,False,False,False,False,True,False,True,False,False,False,False
1974,46374.0,0,1,1,408,0,21,0,0,17,3,7,1,7,8,0,1,0,1,0,0,1,False,False,False,False,True,False,True,False,False,False,False
1957,37633.0,1,1,49,13,4,20,0,0,1,2,1,0,3,9,0,0,0,0,0,0,0,False,False,False,False,True,False,True,False,False,False,False
1971,38590.0,1,0,65,3,1,8,4,3,3,1,1,0,2,8,0,0,0,0,0,0,0,False,False,True,False,False,False,False,False,True,False,False
1960,62807.0,0,1,83,526,28,135,10,21,99,3,5,3,12,5,0,0,0,0,0,0,0,False,False,True,False,False,False,False,False,True,False,False
1975,31160.0,1,0,59,16,3,25,6,1,13,2,2,0,3,8,0,0,0,0,0,0,0,False,False,False,True,False,False,False,True,False,False,False
1952,40442.0,1,1,52,45,12,52,25,22,13,4,3,1,4,7,0,0,0,0,0,0,1,False,False,False,True,False,False,False,False,True,False,False
1962,59432.0,0,1,88,317,25,265,25,19,12,3,5,3,11,5,0,0,0,0,0,0,0,False,False,False,True,False,True,False,False,False,False,False
1984,35684.0,1,0,66,10,4,7,0,6,3,1,1,0,3,6,0,0,0,0,0,0,0,True,False,False,False,False,False,True,False,False,False,False
1962,72828.0,0,1,17,1205,0,235,19,14,205,6,6,3,13,7,0,0,0,0,0,0,0,False,False,False,True,False,False,True,False,False,False,False
1983,39922.0,1,0,30,29,12,59,19,1,36,2,3,0,4,8,0,0,0,0,0,0,0,False,False,True,False,False,False,True,False,False,False,False
1965,60161.0,0,1,17,584,44,212,46,8,177,3,11,4,8,8,0,0,0,0,0,0,0,True,False,False,False,False,True,False,False,False,False,False
1988,68655.0,0,0,95,456,19,832,75,118,38,1,4,5,11,3,0,0,0,0,0,0,0,False,False,True,False,False,False,False,True,False,False,False
1973,69401.0,0,1,41,399,27,159,58,8,39,4,4,4,5,2,0,0,0,0,0,0,0,True,False,False,False,False,False,False,False,True,False,False
1952,69805.0,0,1,50,750,71,174,13,10,20,2,6,8,11,2,0,0,0,0,0,0,0,False,False,False,False,True,False,False,False,True,False,False
1987,17323.0,0,0,38,3,14,17,6,1,5,1,1,0,3,8,0,0,0,0,0,0,0,False,False,True,False,False,False,True,False,False,False,False
1953,53593.0,1,1,60,349,4,78,6,0,43,8,7,2,6,8,0,0,0,0,0,0,0,False,False,False,False,True,False,False,False,True,False,False
1992,42670.0,0,0,12,154,2,46,20,4,15,1,4,2,4,4,0,0,0,0,0,0,0,False,False,False,True,False,False,False,False,True,False,False
1958,79803.0,0,1,54,574,8,216,21,16,33,1,4,3,5,1,0,0,0,0,0,0,0,False,False,True,False,False,True,False,False,False,False,False
1990,18222.0,0,0,70,12,4,19,12,6,14,1,2,0,3,8,0,0,0,0,0,0,0,False,False,True,False,False,False,True,False,False,False,False
1958,53977.0,0,1,21,620,16,165,0,24,82,5,5,5,12,5,0,0,0,0,0,0,0,False,False,True,False,False,False,False,False,True,False,False
1969,25293.0,1,0,51,15,0,11,0,2,9,1,1,1,2,8,0,0,0,0,0,0,0,False,False,True,False,False,False,True,False,False,False,False
1975,34176.0,0,1,9,11,2,7,4,2,2,1,1,0,3,3,0,0,0,0,0,0,0,False,False,False,True,False,False,False,False,True,False,False
1953,41452.0,1,1,86,13,0,3,0,0,0,1,1,0,2,7,0,0,0,0,0,0,0,False,False,True,False,False,False,False,False,True,False,False
1957,54237.0,0,1,48,267,3,30,4,0,57,4,5,2,5,6,0,0,0,0,0,0,0,False,False,False,False,True,True,False,False,False,False,False
1974,45837.0,1,1,88,215,13,87,17,17,24,5,6,2,5,7,0,0,0,0,0,0,0,False,False,True,False,False,False,True,False,False,False,False
1975,74190.0,0,1,49,151,81,86,168,91,64,2,4,2,11,2,0,0,0,0,0,0,0,False,False,True,False,False,False,True,False,False,False,False
1967,63246.0,0,2,60,593,30,91,29,22,7,1,6,3,12,4,0,0,0,0,0,0,0,False,False,False,False,True,False,True,False,False,False,False
1979,60474.0,0,1,25,265,199,303,234,9,170,7,10,2,12,7,0,0,0,0,0,0,0,False,False,True,False,False,False,False,True,False,False,False
1978,28647.0,1,0,54,19,8,29,0,12,26,1,2,2,2,7,1,0,0,0,0,0,1,False,False,True,False,False,False,False,True,False,False,False
1975,76532.0,1,1,38,355,30,177,90,138,30,4,9,5,7,5,0,0,0,0,0,0,0,False,False,True,False,False,False,False,False,True,False,False
1947,91712.0,0,0,47,1276,24,746,94,29,48,0,9,7,11,3,0,0,1,0,0,0,1,False,False,False,True,False,False,False,True,False,False,False
1967,26642.0,1,0,71,13,2,15,2,2,8,2,2,0,3,6,0,0,0,0,0,0,0,False,False,False,False,True,True,False,False,False,False,False
1977,41443.0,1,0,79,171,7,171,25,19,89,6,8,1,5,8,0,0,0,0,0,0,0,False,False,True,False,False,False,True,False,False,False,False
1977,34380.0,1,0,68,72,7,58,13,1,24,4,4,1,3,8,0,0,0,0,0,0,0,False,False,True,False,False,False,True,False,False,False,False
1959,87771.0,0,1,61,1492,38,287,50,57,33,1,5,10,4,6,0,1,1,1,1,0,1,False,False,True,False,False,False,False,False,True,False,False
1979,20194.0,1,0,64,0,4,7,11,10,15,2,2,0,3,6,0,0,0,0,0,0,0,False,True,False,False,False,False,False,True,False,False,False
1954,53103.0,0,1,70,729,17,133,11,0,195,5,10,6,7,7,1,0,0,0,0,0,0,False,False,True,False,False,False,False,False,True,False,False
1986,92910.0,0,0,42,551,137,792,179,103,33,1,6,7,13,1,0,1,1,1,0,0,0,False,False,True,False,False,False,True,False,False,False,False
1984,31761.0,1,0,96,19,1,20,16,14,28,2,3,0,4,5,0,0,0,0,0,0,0,False,False,True,False,False,False,True,False,False,False,False
1989,33996.0,0,0,46,40,2,15,8,0,6,1,1,1,3,4,0,0,0,0,0,0,0,False,False,False,False,True,False,False,True,False,False,False
1970,76467.0,1,0,44,676,161,426,210,44,58,2,2,5,5,6,0,0,0,0,0,0,1,False,False,True,False,False,False,False,True,False,False,False
1980,43974.0,1,0,19,378,0,101,0,0,72,5,6,4,6,7,0,0,0,0,0,0,0,False,False,False,False,True,False,True,False,False,False,False
1989,59060.0,1,0,77,35,40,111,36,40,12,3,3,1,7,4,0,0,0,0,0,0,0,True,False,False,False,False,False,True,False,False,False,False
1958,61331.0,1,1,42,534,5,47,0,5,41,5,11,1,6,8,0,0,0,0,0,0,0,False,False,False,True,False,False,False,True,False,False,False
1976,24027.0,1,0,7,14,7,11,11,0,5,2,2,0,3,8,0,0,0,0,0,0,0,False,False,True,False,False,False,True,False,False,False,False
1965,84618.0,0,0,96,684,100,801,21,66,0,1,6,9,10,2,0,0,1,0,0,0,0,False,False,False,False,True,False,True,False,False,False,False
1980,62994.0,1,0,74,224,12,48,4,12,12,1,6,2,4,6,0,0,0,0,0,0,0,False,False,True,False,False,False,False,False,True,False,False
1983,28427.0,1,0,67,18,3,19,3,3,6,2,2,0,3,8,0,0,0,0,0,0,0,False,False,True,False,False,False,False,False,True,False,False
1971,25818.0,1,0,51,5,2,8,2,2,9,1,0,1,2,7,0,0,0,0,0,0,0,False,False,True,False,False,True,False,False,False,False,False
1954,75315.0,0,1,14,459,15,171,142,23,31,2,5,4,12,2,0,0,0,0,0,0,0,False,False,True,False,False,False,False,False,True,False,False
1983,101970.0,0,0,69,722,27,102,44,72,168,0,6,8,13,2,0,1,1,1,0,0,1,False,False,True,False,False,False,False,True,False,False,False
1973,23559.0,1,0,87,25,5,19,7,0,23,3,3,0,3,7,0,0,0,0,0,0,0,True,False,False,False,False,False,True,False,False,False,False
1985,7500.0,1,0,98,5,17,17,13,14,34,4,2,1,3,9,0,0,0,0,0,0,0,True,False,False,False,False,False,False,False,True,False,False
1971,32011.0,1,0,89,99,0,15,2,1,5,3,2,1,4,7,0,0,0,0,0,0,0,False,False,False,False,True,False,True,False,False,False,False
1972,77044.0,0,1,12,625,38,242,50,34,76,2,7,11,11,4,1,0,0,0,0,0,0,False,False,True,False,False,False,False,False,True,False,False
1964,41638.0,0,1,68,315,0,31,4,0,91,4,5,5,3,8,1,0,0,0,0,0,0,False,False,True,False,False,True,False,False,False,False,False
1963,36736.0,1,1,52,10,0,3,0,0,4,1,1,0,2,6,0,0,0,0,0,0,0,False,False,False,False,True,False,False,True,False,False,False
1982,84169.0,0,0,9,1478,19,403,0,19,0,1,7,6,6,3,0,1,1,0,0,0,1,False,False,False,False,True,False,True,False,False,False,False
1986,80141.0,0,0,20,1184,102,673,52,40,40,1,7,4,10,6,0,0,1,0,0,0,1,False,False,False,True,False,False,True,False,False,False,False
1979,13533.0,1,0,45,12,3,8,8,0,17,2,2,0,3,7,0,0,0,0,0,0,0,True,False,False,False,False,True,False,False,False,False,False
1943,77598.0,0,0,53,1193,33,281,129,66,33,1,7,5,13,3,0,0,1,0,0,0,0,False,False,False,True,False,False,False,True,False,False,False
1977,23763.0,1,0,64,22,0,6,6,2,6,1,1,0,3,7,0,0,0,0,0,0,0,False,False,True,False,False,False,False,True,False,False,False
1990,96843.0,0,0,60,448,71,951,40,17,17,1,6,11,10,2,0,0,1,0,0,0,1,False,False,True,False,False,False,False,True,False,False,False
1964,69932.0,0,1,97,412,172,153,150,105,57,2,7,6,11,4,0,0,0,0,0,0,0,False,False,True,False,False,True,False,False,False,False,False
1968,64590.0,0,0,98,920,138,168,36,46,30,1,9,4,10,6,0,0,0,0,0,0,0,False,False,True,False,False,False,True,False,False,False,False
1958,80995.0,0,1,83,860,28,409,73,56,56,1,8,9,4,4,0,0,0,0,0,0,0,False,False,False,False,True,False,False,False,False,True,False
1966,67272.0,0,1,12,357,35,271,28,28,14,3,6,2,12,5,0,0,0,0,0,0,0,False,False,True,False,False,True,False,False,False,False,False
1995,34824.0,0,0,65,4,2,11,2,0,4,1,1,0,2,6,0,0,0,0,0,0,0,False,False,True,False,False,False,False,True,False,False,False
1963,41003.0,0,0,11,123,133,142,71,44,88,1,6,2,8,6,0,0,0,0,0,0,0,False,False,False,False,True,True,False,False,False,False,False
1976,85606.0,0,1,89,717,42,864,219,30,84,2,6,7,9,3,0,0,0,1,0,0,0,False,False,True,False,False,False,False,False,True,False,False
1960,76045.0,0,0,78,760,53,400,17,93,0,1,4,5,11,2,0,0,0,1,0,0,0,False,False,False,False,True,False,False,True,False,False,False
1964,45759.0,1,1,13,42,1,18,3,0,4,2,2,0,3,7,0,0,0,0,0,0,0,False,False,False,False,True,False,True,False,False,False,False
1961,64260.0,0,0,1,539,169,816,20,0,30,1,4,5,4,3,0,0,0,0,0,0,1,False,False,True,False,False,False,False,False,True,False,False
1959,65492.0,0,0,73,247,161,295,210,85,47,2,4,7,13,2,0,0,0,0,0,0,0,False,False,True,False,False,False,True,False,False,False,False
1978,43783.0,1,0,22,327,9,125,25,4,139,6,7,1,8,7,1,0,0,0,0,0,0,False,False,False,True,False,False,True,False,False,False,False
1978,26224.0,1,0,39,4,7,15,13,9,15,3,2,1,3,6,0,0,0,0,0,0,0,True,False,False,False,False,False,True,False,False,False,False
1956,46984.0,1,1,71,19,1,10,2,1,8,1,1,0,3,5,0,0,0,0,0,0,0,False,False,True,False,False,False,False,False,False,True,False
1978,42693.0,1,0,29,8,4,20,6,3,16,1,1,0,3,5,0,0,0,0,0,0,0,False,False,True,False,False,False,True,False,False,False,False
1956,50965.0,0,1,87,544,13,85,8,6,29,3,10,4,5,8,1,0,0,0,0,0,0,False,False,False,True,False,False,True,False,False,False,False
1971,37126.0,1,0,9,45,3,9,4,4,7,1,1,2,2,6,1,0,0,0,0,0,1,False,False,False,False,True,False,True,False,False,False,False
1953,48686.0,1,2,8,10,0,7,2,0,1,1,1,0,2,8,0,0,0,0,0,0,0,False,False,True,False,False,False,True,False,False,False,False
1973,52034.0,1,1,67,146,0,93,7,13,73,5,4,2,5,7,0,0,0,0,0,0,0,False,False,False,True,False,True,False,False,False,False,False
1970,53187.0,1,0,66,211,2,30,7,7,10,2,4,1,6,5,0,0,0,0,0,0,0,False,False,True,False,False,False,False,False,True,False,False
1963,77226.0,0,1,29,631,43,239,128,76,21,2,6,8,12,3,0,0,0,0,0,0,0,False,False,True,False,False,False,False,False,True,False,False
1972,57091.0,0,1,82,462,0,24,6,0,4,2,9,2,5,7,0,1,0,0,0,0,1,False,False,False,False,True,False,True,False,False,False,False
1949,70165.0,0,0,60,161,0,253,199,191,122,1,3,7,11,1,0,0,0,0,0,0,0,False,False,True,False,False,False,False,False,False,True,False
1971,34600.0,1,1,8,199,33,60,8,3,15,5,5,2,5,8,0,0,0,0,0,0,1,False,False,True,False,False,False,False,False,True,False,False
1981,35523.0,1,0,8,11,5,22,12,5,11,2,3,0,3,7,0,0,0,0,0,0,0,True,False,False,False,False,False,True,False,False,False,False
1971,45684.0,1,0,37,5,1,5,10,0,7,1,1,0,2,7,0,0,0,0,0,0,0,False,False,True,False,False,False,False,False,False,True,False
1956,76542.0,0,0,91,794,73,573,0,29,14,1,4,8,10,2,0,0,0,0,0,0,0,False,False,False,False,True,False,False,False,True,False,False
1958,69096.0,0,1,4,247,49,159,7,82,109,1,5,2,10,4,0,0,0,0,0,0,0,False,False,True,False,False,False,False,False,True,False,False
1970,83273.0,1,2,98,433,89,650,16,102,102,10,4,6,9,7,0,0,0,0,0,0,0,False,False,True,False,False,False,False,True,False,False,False
1974,28440.0,1,0,87,38,1,24,0,0,0,1,2,0,3,8,0,0,0,0,0,0,0,False,False,False,False,True,False,False,False,True,False,False
1967,52569.0,0,1,54,85,0,3,0,0,7,1,2,0,4,3,0,0,0,0,0,0,0,False,False,False,False,True,False,False,True,False,False,False
1970,67536.0,0,1,45,1253,0,447,23,71,35,3,11,5,11,8,0,0,0,1,0,0,0,False,False,False,False,True,False,True,False,False,False,False
1976,26907.0,1,1,10,9,1,7,0,3,2,2,1,0,3,7,0,0,0,0,0,0,0,True,False,False,False,False,False,False,False,True,False,False
1968,35893.0,1,1,80,158,0,23,0,0,18,6,3,1,5,8,0,0,0,0,0,0,0,False,False,True,False,False,False,False,True,False,False,False
1979,77298.0,0,1,46,425,115,292,23,35,79,1,6,6,11,3,0,0,0,0,0,0,0,False,False,True,False,False,False,False,False,True,False,False
1973,37971.0,1,0,97,5,4,10,2,2,7,1,1,0,3,8,0,0,0,0,0,0,0,False,False,True,False,False,False,True,False,False,False,False
1973,32644.0,1,0,38,239,3,141,0,7,23,4,7,1,6,8,1,0,0,0,0,0,0,False,False,False,False,True,False,True,False,False,False,False
1951,67381.0,0,1,67,815,8,53,11,0,70,4,2,2,9,7,0,1,0,0,0,0,0,False,False,False,True,False,False,True,False,False,False,False
1969,54165.0,0,0,72,127,4,73,15,6,11,1,2,1,7,2,0,0,0,0,0,0,0,False,False,True,False,False,False,False,False,True,False,False
1974,60093.0,0,1,92,502,12,109,16,6,90,2,7,2,10,6,0,0,0,0,0,0,0,False,False,True,False,False,False,True,False,False,False,False
1982,43815.0,1,0,53,14,10,29,4,7,15,1,2,0,3,6,0,0,0,0,0,0,0,False,False,False,True,False,False,True,False,False,False,False
1971,71969.0,0,1,59,1000,0,76,0,0,10,3,3,4,9,8,0,1,0,0,0,0,0,False,False,False,False,True,False,True,False,False,False,False
1948,83790.0,0,0,81,1076,16,417,42,48,16,1,8,10,6,3,0,1,1,0,0,0,0,False,False,False,True,False,False,True,False,False,False,False
1968,19514.0,1,1,47,14,3,21,2,1,28,4,3,1,2,8,1,0,0,0,0,0,1,False,False,True,False,False,False,True,False,False,False,False
1974,45068.0,0,1,25,14,0,3,0,0,3,1,1,0,2,7,0,0,0,0,0,0,0,False,False,False,False,True,False,False,False,True,False,False
1972,69209.0,0,0,4,496,32,849,229,48,128,2,5,3,6,4,0,0,0,1,0,0,0,False,False,True,False,False,False,True,False,False,False,False
1963,48799.0,0,1,9,174,18,81,28,6,24,3,3,2,7,3,0,0,0,0,0,0,0,False,False,False,False,True,True,False,False,False,False,False
1971,39791.0,0,1,89,85,15,27,13,13,21,2,3,1,4,7,0,0,0,0,0,0,0,False,False,False,True,False,False,True,False,False,False,False
1963,48918.0,1,1,21,52,0,9,0,0,1,2,1,0,4,4,0,0,0,0,0,0,0,False,False,False,False,True,False,False,True,False,False,False
1953,80812.0,0,0,95,769,22,500,210,143,33,1,4,8,5,2,1,0,1,1,0,0,0,False,False,True,False,False,False,False,False,True,False,False
1945,69755.0,0,0,23,217,77,373,111,23,93,1,3,6,12,1,0,0,0,0,0,0,0,False,False,True,False,False,False,True,False,False,False,False
1951,40689.0,0,1,69,270,3,27,39,6,99,7,7,1,5,8,0,0,0,0,0,0,0,False,False,True,False,False,False,False,False,True,False,False
1978,24882.0,1,0,52,1,4,10,29,0,36,1,1,1,2,6,1,0,0,0,0,0,0,False,True,False,False,False,False,False,False,True,False,False
1989,30279.0,1,0,13,10,4,14,4,4,1,1,1,0,3,8,0,0,0,0,0,0,0,False,False,True,False,False,False,False,True,False,False,False
1966,49618.0,1,1,77,80,3,26,4,2,14,4,3,1,3,7,0,0,0,0,0,0,0,False,False,False,True,False,False,False,False,True,False,False
1978,71022.0,0,1,30,909,12,278,0,12,242,3,5,2,11,8,1,0,0,0,0,0,0,False,False,True,False,False,True,False,False,False,False,False
1956,46097.0,0,1,11,72,24,68,65,4,8,5,3,1,6,4,0,0,0,0,0,0,0,False,False,True,False,False,False,False,False,True,False,False
1977,82582.0,0,0,54,510,120,550,156,40,241,1,4,9,7,1,1,0,0,1,0,0,1,False,False,True,False,False,True,False,False,False,False,False
1961,28249.0,0,0,80,1,9,7,2,14,10,1,2,0,3,6,0,0,0,0,0,0,0,False,True,False,False,False,False,True,False,False,False,False
1956,90226.0,0,0,26,1083,108,649,253,151,108,1,4,7,12,2,0,0,0,1,0,0,0,False,False,False,True,False,False,True,False,False,False,False
1950,50616.0,0,1,71,30,2,25,0,1,9,1,1,1,4,2,0,0,0,0,0,0,0,False,False,False,False,True,False,False,False,True,False,False
1976,55424.0,0,1,6,462,61,184,10,53,107,4,7,5,9,6,1,0,0,0,0,0,1,False,False,False,False,True,False,True,False,False,False,False
1961,64325.0,0,1,41,731,60,353,78,12,73,5,10,3,5,7,0,0,0,0,0,0,0,False,False,False,False,True,True,False,False,False,False,False
1975,51948.0,0,1,51,82,33,54,71,30,41,2,5,2,4,5,0,0,0,0,0,0,0,False,False,True,False,False,False,True,False,False,False,False
1952,49638.0,0,1,71,18,10,3,3,5,0,1,1,0,3,2,0,0,0,0,0,0,0,False,False,True,False,False,True,False,False,False,False,False
1976,56939.0,0,1,19,256,34,103,90,29,49,2,3,3,10,3,0,0,0,0,0,0,0,False,False,True,False,False,False,True,False,False,False,False
1948,70666.0,0,0,29,398,40,367,119,122,30,1,7,4,4,4,0,0,0,0,0,0,0,False,False,True,False,False,False,False,False,True,False,False
1976,75825.0,0,0,40,1032,105,779,137,105,51,0,5,8,9,4,1,0,0,0,0,0,1,False,False,True,False,False,False,False,True,False,False,False
